ID,y
1,100.669318127821
2,100.669318127821
3,100.669318127821
4,100.669318127821
5,100.669318127821
8,100.669318127821
10,100.669318127821
11,100.669318127821
12,100.669318127821
14,100.669318127821
15,100.669318127821
16,100.669318127821
17,100.669318127821
19,100.669318127821
20,100.669318127821
21,100.669318127821
22,100.669318127821
23,100.669318127821
26,100.669318127821
28,100.669318127821
29,100.669318127821
33,100.669318127821
35,100.669318127821
41,100.669318127821
42,100.669318127821
43,100.669318127821
45,100.669318127821
46,100.669318127821
51,100.669318127821
53,100.669318127821
55,100.669318127821
56,100.669318127821
57,100.669318127821
58,100.669318127821
59,100.669318127821
63,100.669318127821
64,100.669318127821
65,100.669318127821
69,100.669318127821
71,100.669318127821
72,100.669318127821
73,100.669318127821
76,100.669318127821
77,100.669318127821
78,100.669318127821
82,100.669318127821
83,100.669318127821
84,100.669318127821
85,100.669318127821
87,100.669318127821
88,100.669318127821
89,100.669318127821
91,100.669318127821
93,100.669318127821
94,100.669318127821
95,100.669318127821
96,100.669318127821
97,100.669318127821
98,100.669318127821
99,100.669318127821
101,100.669318127821
103,100.669318127821
104,100.669318127821
105,100.669318127821
110,100.669318127821
111,100.669318127821
113,100.669318127821
114,100.669318127821
115,100.669318127821
117,100.669318127821
120,100.669318127821
121,100.669318127821
122,100.669318127821
123,100.669318127821
126,100.669318127821
132,100.669318127821
135,100.669318127821
137,100.669318127821
138,100.669318127821
140,100.669318127821
142,100.669318127821
144,100.669318127821
148,100.669318127821
149,100.669318127821
155,100.669318127821
156,100.669318127821
157,100.669318127821
162,100.669318127821
163,100.669318127821
167,100.669318127821
172,100.669318127821
179,100.669318127821
180,100.669318127821
181,100.669318127821
182,100.669318127821
183,100.669318127821
185,100.669318127821
187,100.669318127821
188,100.669318127821
189,100.669318127821
191,100.669318127821
192,100.669318127821
193,100.669318127821
194,100.669318127821
195,100.669318127821
196,100.669318127821
198,100.669318127821
199,100.669318127821
201,100.669318127821
204,100.669318127821
205,100.669318127821
206,100.669318127821
210,100.669318127821
211,100.669318127821
216,100.669318127821
219,100.669318127821
220,100.669318127821
221,100.669318127821
226,100.669318127821
227,100.669318127821
228,100.669318127821
230,100.669318127821
231,100.669318127821
235,100.669318127821
236,100.669318127821
238,100.669318127821
242,100.669318127821
243,100.669318127821
244,100.669318127821
245,100.669318127821
247,100.669318127821
248,100.669318127821
249,100.669318127821
250,100.669318127821
251,100.669318127821
253,100.669318127821
254,100.669318127821
256,100.669318127821
257,100.669318127821
258,100.669318127821
259,100.669318127821
262,100.669318127821
266,100.669318127821
267,100.669318127821
272,100.669318127821
273,100.669318127821
275,100.669318127821
276,100.669318127821
279,100.669318127821
280,100.669318127821
283,100.669318127821
285,100.669318127821
288,100.669318127821
289,100.669318127821
290,100.669318127821
291,100.669318127821
292,100.669318127821
293,100.669318127821
296,100.669318127821
297,100.669318127821
298,100.669318127821
299,100.669318127821
304,100.669318127821
305,100.669318127821
306,100.669318127821
307,100.669318127821
311,100.669318127821
313,100.669318127821
314,100.669318127821
316,100.669318127821
324,100.669318127821
327,100.669318127821
329,100.669318127821
330,100.669318127821
337,100.669318127821
338,100.669318127821
339,100.669318127821
340,100.669318127821
343,100.669318127821
345,100.669318127821
346,100.669318127821
347,100.669318127821
349,100.669318127821
350,100.669318127821
352,100.669318127821
353,100.669318127821
354,100.669318127821
357,100.669318127821
358,100.669318127821
362,100.669318127821
364,100.669318127821
365,100.669318127821
366,100.669318127821
367,100.669318127821
368,100.669318127821
370,100.669318127821
373,100.669318127821
377,100.669318127821
378,100.669318127821
382,100.669318127821
384,100.669318127821
390,100.669318127821
392,100.669318127821
393,100.669318127821
395,100.669318127821
396,100.669318127821
399,100.669318127821
406,100.669318127821
408,100.669318127821
409,100.669318127821
410,100.669318127821
412,100.669318127821
413,100.669318127821
419,100.669318127821
420,100.669318127821
421,100.669318127821
430,100.669318127821
434,100.669318127821
436,100.669318127821
437,100.669318127821
438,100.669318127821
439,100.669318127821
440,100.669318127821
443,100.669318127821
446,100.669318127821
448,100.669318127821
452,100.669318127821
453,100.669318127821
457,100.669318127821
458,100.669318127821
459,100.669318127821
460,100.669318127821
462,100.669318127821
464,100.669318127821
465,100.669318127821
467,100.669318127821
471,100.669318127821
472,100.669318127821
473,100.669318127821
475,100.669318127821
480,100.669318127821
488,100.669318127821
490,100.669318127821
491,100.669318127821
492,100.669318127821
493,100.669318127821
497,100.669318127821
498,100.669318127821
499,100.669318127821
500,100.669318127821
501,100.669318127821
502,100.669318127821
506,100.669318127821
510,100.669318127821
511,100.669318127821
512,100.669318127821
516,100.669318127821
518,100.669318127821
519,100.669318127821
521,100.669318127821
522,100.669318127821
526,100.669318127821
529,100.669318127821
532,100.669318127821
533,100.669318127821
536,100.669318127821
537,100.669318127821
539,100.669318127821
540,100.669318127821
541,100.669318127821
543,100.669318127821
546,100.669318127821
547,100.669318127821
548,100.669318127821
551,100.669318127821
552,100.669318127821
556,100.669318127821
557,100.669318127821
558,100.669318127821
559,100.669318127821
560,100.669318127821
562,100.669318127821
566,100.669318127821
570,100.669318127821
571,100.669318127821
572,100.669318127821
573,100.669318127821
575,100.669318127821
576,100.669318127821
577,100.669318127821
579,100.669318127821
580,100.669318127821
581,100.669318127821
589,100.669318127821
591,100.669318127821
593,100.669318127821
594,100.669318127821
595,100.669318127821
598,100.669318127821
602,100.669318127821
604,100.669318127821
606,100.669318127821
608,100.669318127821
609,100.669318127821
610,100.669318127821
616,100.669318127821
617,100.669318127821
618,100.669318127821
620,100.669318127821
622,100.669318127821
623,100.669318127821
624,100.669318127821
626,100.669318127821
628,100.669318127821
629,100.669318127821
630,100.669318127821
637,100.669318127821
638,100.669318127821
643,100.669318127821
645,100.669318127821
646,100.669318127821
648,100.669318127821
652,100.669318127821
653,100.669318127821
654,100.669318127821
656,100.669318127821
657,100.669318127821
659,100.669318127821
660,100.669318127821
663,100.669318127821
664,100.669318127821
666,100.669318127821
668,100.669318127821
669,100.669318127821
671,100.669318127821
675,100.669318127821
677,100.669318127821
678,100.669318127821
679,100.669318127821
682,100.669318127821
685,100.669318127821
687,100.669318127821
688,100.669318127821
693,100.669318127821
696,100.669318127821
698,100.669318127821
701,100.669318127821
704,100.669318127821
705,100.669318127821
709,100.669318127821
710,100.669318127821
711,100.669318127821
712,100.669318127821
714,100.669318127821
715,100.669318127821
716,100.669318127821
717,100.669318127821
720,100.669318127821
721,100.669318127821
724,100.669318127821
725,100.669318127821
726,100.669318127821
728,100.669318127821
731,100.669318127821
734,100.669318127821
738,100.669318127821
745,100.669318127821
746,100.669318127821
751,100.669318127821
754,100.669318127821
756,100.669318127821
758,100.669318127821
759,100.669318127821
761,100.669318127821
766,100.669318127821
767,100.669318127821
768,100.669318127821
769,100.669318127821
770,100.669318127821
771,100.669318127821
772,100.669318127821
773,100.669318127821
774,100.669318127821
776,100.669318127821
777,100.669318127821
780,100.669318127821
782,100.669318127821
787,100.669318127821
788,100.669318127821
792,100.669318127821
793,100.669318127821
798,100.669318127821
800,100.669318127821
806,100.669318127821
809,100.669318127821
811,100.669318127821
812,100.669318127821
814,100.669318127821
816,100.669318127821
817,100.669318127821
818,100.669318127821
820,100.669318127821
823,100.669318127821
829,100.669318127821
830,100.669318127821
831,100.669318127821
834,100.669318127821
839,100.669318127821
841,100.669318127821
844,100.669318127821
845,100.669318127821
848,100.669318127821
850,100.669318127821
851,100.669318127821
852,100.669318127821
854,100.669318127821
855,100.669318127821
856,100.669318127821
859,100.669318127821
861,100.669318127821
864,100.669318127821
865,100.669318127821
866,100.669318127821
867,100.669318127821
869,100.669318127821
871,100.669318127821
872,100.669318127821
882,100.669318127821
883,100.669318127821
885,100.669318127821
888,100.669318127821
893,100.669318127821
901,100.669318127821
903,100.669318127821
904,100.669318127821
905,100.669318127821
910,100.669318127821
911,100.669318127821
914,100.669318127821
918,100.669318127821
921,100.669318127821
928,100.669318127821
929,100.669318127821
932,100.669318127821
933,100.669318127821
934,100.669318127821
935,100.669318127821
937,100.669318127821
939,100.669318127821
940,100.669318127821
941,100.669318127821
942,100.669318127821
943,100.669318127821
944,100.669318127821
947,100.669318127821
949,100.669318127821
951,100.669318127821
952,100.669318127821
953,100.669318127821
954,100.669318127821
957,100.669318127821
959,100.669318127821
960,100.669318127821
963,100.669318127821
965,100.669318127821
967,100.669318127821
971,100.669318127821
972,100.669318127821
973,100.669318127821
974,100.669318127821
975,100.669318127821
978,100.669318127821
980,100.669318127821
981,100.669318127821
984,100.669318127821
986,100.669318127821
988,100.669318127821
989,100.669318127821
990,100.669318127821
992,100.669318127821
996,100.669318127821
999,100.669318127821
1000,100.669318127821
1001,100.669318127821
1002,100.669318127821
1003,100.669318127821
1004,100.669318127821
1008,100.669318127821
1009,100.669318127821
1010,100.669318127821
1012,100.669318127821
1013,100.669318127821
1014,100.669318127821
1015,100.669318127821
1016,100.669318127821
1019,100.669318127821
1020,100.669318127821
1021,100.669318127821
1022,100.669318127821
1024,100.669318127821
1025,100.669318127821
1027,100.669318127821
1028,100.669318127821
1029,100.669318127821
1030,100.669318127821
1033,100.669318127821
1036,100.669318127821
1037,100.669318127821
1038,100.669318127821
1042,100.669318127821
1043,100.669318127821
1044,100.669318127821
1045,100.669318127821
1047,100.669318127821
1050,100.669318127821
1051,100.669318127821
1054,100.669318127821
1056,100.669318127821
1057,100.669318127821
1059,100.669318127821
1062,100.669318127821
1063,100.669318127821
1064,100.669318127821
1066,100.669318127821
1070,100.669318127821
1076,100.669318127821
1077,100.669318127821
1078,100.669318127821
1080,100.669318127821
1082,100.669318127821
1083,100.669318127821
1089,100.669318127821
1091,100.669318127821
1093,100.669318127821
1097,100.669318127821
1099,100.669318127821
1101,100.669318127821
1103,100.669318127821
1104,100.669318127821
1106,100.669318127821
1109,100.669318127821
1110,100.669318127821
1111,100.669318127821
1112,100.669318127821
1114,100.669318127821
1116,100.669318127821
1117,100.669318127821
1120,100.669318127821
1124,100.669318127821
1125,100.669318127821
1126,100.669318127821
1134,100.669318127821
1137,100.669318127821
1138,100.669318127821
1144,100.669318127821
1145,100.669318127821
1146,100.669318127821
1148,100.669318127821
1150,100.669318127821
1152,100.669318127821
1153,100.669318127821
1154,100.669318127821
1155,100.669318127821
1157,100.669318127821
1162,100.669318127821
1165,100.669318127821
1166,100.669318127821
1167,100.669318127821
1168,100.669318127821
1169,100.669318127821
1171,100.669318127821
1172,100.669318127821
1173,100.669318127821
1174,100.669318127821
1176,100.669318127821
1177,100.669318127821
1178,100.669318127821
1182,100.669318127821
1186,100.669318127821
1187,100.669318127821
1188,100.669318127821
1189,100.669318127821
1191,100.669318127821
1192,100.669318127821
1197,100.669318127821
1198,100.669318127821
1200,100.669318127821
1201,100.669318127821
1203,100.669318127821
1209,100.669318127821
1214,100.669318127821
1218,100.669318127821
1222,100.669318127821
1226,100.669318127821
1228,100.669318127821
1230,100.669318127821
1232,100.669318127821
1233,100.669318127821
1236,100.669318127821
1238,100.669318127821
1241,100.669318127821
1244,100.669318127821
1246,100.669318127821
1247,100.669318127821
1250,100.669318127821
1251,100.669318127821
1254,100.669318127821
1255,100.669318127821
1256,100.669318127821
1257,100.669318127821
1258,100.669318127821
1259,100.669318127821
1260,100.669318127821
1263,100.669318127821
1267,100.669318127821
1268,100.669318127821
1271,100.669318127821
1272,100.669318127821
1274,100.669318127821
1275,100.669318127821
1276,100.669318127821
1277,100.669318127821
1279,100.669318127821
1281,100.669318127821
1282,100.669318127821
1283,100.669318127821
1285,100.669318127821
1286,100.669318127821
1289,100.669318127821
1296,100.669318127821
1299,100.669318127821
1301,100.669318127821
1306,100.669318127821
1307,100.669318127821
1308,100.669318127821
1313,100.669318127821
1314,100.669318127821
1315,100.669318127821
1316,100.669318127821
1317,100.669318127821
1319,100.669318127821
1323,100.669318127821
1324,100.669318127821
1325,100.669318127821
1328,100.669318127821
1329,100.669318127821
1330,100.669318127821
1331,100.669318127821
1332,100.669318127821
1337,100.669318127821
1338,100.669318127821
1339,100.669318127821
1340,100.669318127821
1343,100.669318127821
1347,100.669318127821
1348,100.669318127821
1349,100.669318127821
1352,100.669318127821
1354,100.669318127821
1359,100.669318127821
1360,100.669318127821
1363,100.669318127821
1364,100.669318127821
1365,100.669318127821
1366,100.669318127821
1372,100.669318127821
1375,100.669318127821
1376,100.669318127821
1378,100.669318127821
1379,100.669318127821
1380,100.669318127821
1381,100.669318127821
1384,100.669318127821
1387,100.669318127821
1388,100.669318127821
1392,100.669318127821
1394,100.669318127821
1395,100.669318127821
1396,100.669318127821
1398,100.669318127821
1399,100.669318127821
1400,100.669318127821
1401,100.669318127821
1403,100.669318127821
1404,100.669318127821
1406,100.669318127821
1407,100.669318127821
1408,100.669318127821
1410,100.669318127821
1412,100.669318127821
1413,100.669318127821
1415,100.669318127821
1420,100.669318127821
1422,100.669318127821
1423,100.669318127821
1424,100.669318127821
1425,100.669318127821
1426,100.669318127821
1427,100.669318127821
1429,100.669318127821
1430,100.669318127821
1431,100.669318127821
1432,100.669318127821
1434,100.669318127821
1437,100.669318127821
1438,100.669318127821
1440,100.669318127821
1441,100.669318127821
1442,100.669318127821
1444,100.669318127821
1445,100.669318127821
1446,100.669318127821
1448,100.669318127821
1453,100.669318127821
1454,100.669318127821
1455,100.669318127821
1456,100.669318127821
1458,100.669318127821
1459,100.669318127821
1461,100.669318127821
1465,100.669318127821
1466,100.669318127821
1469,100.669318127821
1472,100.669318127821
1474,100.669318127821
1477,100.669318127821
1479,100.669318127821
1482,100.669318127821
1483,100.669318127821
1487,100.669318127821
1488,100.669318127821
1490,100.669318127821
1492,100.669318127821
1494,100.669318127821
1496,100.669318127821
1497,100.669318127821
1499,100.669318127821
1502,100.669318127821
1507,100.669318127821
1508,100.669318127821
1509,100.669318127821
1511,100.669318127821
1512,100.669318127821
1513,100.669318127821
1514,100.669318127821
1518,100.669318127821
1519,100.669318127821
1522,100.669318127821
1524,100.669318127821
1527,100.669318127821
1529,100.669318127821
1532,100.669318127821
1536,100.669318127821
1537,100.669318127821
1539,100.669318127821
1542,100.669318127821
1543,100.669318127821
1544,100.669318127821
1545,100.669318127821
1550,100.669318127821
1551,100.669318127821
1554,100.669318127821
1556,100.669318127821
1559,100.669318127821
1560,100.669318127821
1562,100.669318127821
1566,100.669318127821
1567,100.669318127821
1569,100.669318127821
1570,100.669318127821
1571,100.669318127821
1574,100.669318127821
1578,100.669318127821
1580,100.669318127821
1583,100.669318127821
1584,100.669318127821
1585,100.669318127821
1586,100.669318127821
1587,100.669318127821
1588,100.669318127821
1590,100.669318127821
1592,100.669318127821
1596,100.669318127821
1598,100.669318127821
1599,100.669318127821
1604,100.669318127821
1606,100.669318127821
1607,100.669318127821
1608,100.669318127821
1609,100.669318127821
1611,100.669318127821
1613,100.669318127821
1616,100.669318127821
1619,100.669318127821
1620,100.669318127821
1621,100.669318127821
1622,100.669318127821
1625,100.669318127821
1627,100.669318127821
1629,100.669318127821
1634,100.669318127821
1636,100.669318127821
1638,100.669318127821
1639,100.669318127821
1641,100.669318127821
1643,100.669318127821
1644,100.669318127821
1645,100.669318127821
1646,100.669318127821
1647,100.669318127821
1648,100.669318127821
1652,100.669318127821
1653,100.669318127821
1656,100.669318127821
1658,100.669318127821
1659,100.669318127821
1661,100.669318127821
1663,100.669318127821
1664,100.669318127821
1665,100.669318127821
1666,100.669318127821
1667,100.669318127821
1668,100.669318127821
1669,100.669318127821
1670,100.669318127821
1672,100.669318127821
1674,100.669318127821
1677,100.669318127821
1678,100.669318127821
1679,100.669318127821
1680,100.669318127821
1683,100.669318127821
1686,100.669318127821
1687,100.669318127821
1689,100.669318127821
1690,100.669318127821
1691,100.669318127821
1692,100.669318127821
1693,100.669318127821
1695,100.669318127821
1696,100.669318127821
1697,100.669318127821
1700,100.669318127821
1701,100.669318127821
1702,100.669318127821
1703,100.669318127821
1704,100.669318127821
1706,100.669318127821
1707,100.669318127821
1708,100.669318127821
1710,100.669318127821
1711,100.669318127821
1713,100.669318127821
1717,100.669318127821
1719,100.669318127821
1720,100.669318127821
1722,100.669318127821
1725,100.669318127821
1726,100.669318127821
1727,100.669318127821
1729,100.669318127821
1730,100.669318127821
1731,100.669318127821
1733,100.669318127821
1734,100.669318127821
1735,100.669318127821
1738,100.669318127821
1742,100.669318127821
1745,100.669318127821
1747,100.669318127821
1749,100.669318127821
1751,100.669318127821
1752,100.669318127821
1753,100.669318127821
1754,100.669318127821
1755,100.669318127821
1756,100.669318127821
1758,100.669318127821
1759,100.669318127821
1760,100.669318127821
1761,100.669318127821
1762,100.669318127821
1763,100.669318127821
1764,100.669318127821
1766,100.669318127821
1768,100.669318127821
1769,100.669318127821
1771,100.669318127821
1772,100.669318127821
1773,100.669318127821
1774,100.669318127821
1775,100.669318127821
1777,100.669318127821
1779,100.669318127821
1780,100.669318127821
1787,100.669318127821
1788,100.669318127821
1790,100.669318127821
1796,100.669318127821
1801,100.669318127821
1803,100.669318127821
1807,100.669318127821
1809,100.669318127821
1812,100.669318127821
1813,100.669318127821
1814,100.669318127821
1815,100.669318127821
1816,100.669318127821
1818,100.669318127821
1820,100.669318127821
1821,100.669318127821
1822,100.669318127821
1825,100.669318127821
1826,100.669318127821
1828,100.669318127821
1831,100.669318127821
1836,100.669318127821
1837,100.669318127821
1841,100.669318127821
1844,100.669318127821
1848,100.669318127821
1851,100.669318127821
1852,100.669318127821
1853,100.669318127821
1854,100.669318127821
1856,100.669318127821
1859,100.669318127821
1860,100.669318127821
1861,100.669318127821
1863,100.669318127821
1865,100.669318127821
1866,100.669318127821
1867,100.669318127821
1868,100.669318127821
1872,100.669318127821
1879,100.669318127821
1880,100.669318127821
1882,100.669318127821
1885,100.669318127821
1887,100.669318127821
1888,100.669318127821
1890,100.669318127821
1894,100.669318127821
1895,100.669318127821
1896,100.669318127821
1897,100.669318127821
1900,100.669318127821
1901,100.669318127821
1902,100.669318127821
1905,100.669318127821
1906,100.669318127821
1912,100.669318127821
1915,100.669318127821
1916,100.669318127821
1917,100.669318127821
1918,100.669318127821
1920,100.669318127821
1923,100.669318127821
1924,100.669318127821
1925,100.669318127821
1930,100.669318127821
1932,100.669318127821
1933,100.669318127821
1934,100.669318127821
1935,100.669318127821
1940,100.669318127821
1941,100.669318127821
1942,100.669318127821
1943,100.669318127821
1944,100.669318127821
1945,100.669318127821
1948,100.669318127821
1949,100.669318127821
1952,100.669318127821
1954,100.669318127821
1955,100.669318127821
1958,100.669318127821
1959,100.669318127821
1960,100.669318127821
1963,100.669318127821
1965,100.669318127821
1968,100.669318127821
1969,100.669318127821
1971,100.669318127821
1972,100.669318127821
1973,100.669318127821
1975,100.669318127821
1977,100.669318127821
1978,100.669318127821
1979,100.669318127821
1981,100.669318127821
1982,100.669318127821
1987,100.669318127821
1988,100.669318127821
1993,100.669318127821
1997,100.669318127821
1999,100.669318127821
2001,100.669318127821
2002,100.669318127821
2003,100.669318127821
2004,100.669318127821
2006,100.669318127821
2007,100.669318127821
2009,100.669318127821
2010,100.669318127821
2013,100.669318127821
2018,100.669318127821
2022,100.669318127821
2024,100.669318127821
2025,100.669318127821
2026,100.669318127821
2030,100.669318127821
2031,100.669318127821
2032,100.669318127821
2033,100.669318127821
2035,100.669318127821
2036,100.669318127821
2037,100.669318127821
2040,100.669318127821
2043,100.669318127821
2044,100.669318127821
2046,100.669318127821
2054,100.669318127821
2055,100.669318127821
2056,100.669318127821
2059,100.669318127821
2060,100.669318127821
2062,100.669318127821
2063,100.669318127821
2066,100.669318127821
2067,100.669318127821
2072,100.669318127821
2073,100.669318127821
2074,100.669318127821
2075,100.669318127821
2076,100.669318127821
2080,100.669318127821
2082,100.669318127821
2085,100.669318127821
2087,100.669318127821
2091,100.669318127821
2092,100.669318127821
2093,100.669318127821
2098,100.669318127821
2101,100.669318127821
2102,100.669318127821
2103,100.669318127821
2105,100.669318127821
2106,100.669318127821
2107,100.669318127821
2110,100.669318127821
2114,100.669318127821
2115,100.669318127821
2117,100.669318127821
2118,100.669318127821
2119,100.669318127821
2120,100.669318127821
2122,100.669318127821
2123,100.669318127821
2126,100.669318127821
2127,100.669318127821
2128,100.669318127821
2129,100.669318127821
2132,100.669318127821
2135,100.669318127821
2138,100.669318127821
2139,100.669318127821
2141,100.669318127821
2142,100.669318127821
2146,100.669318127821
2151,100.669318127821
2157,100.669318127821
2159,100.669318127821
2162,100.669318127821
2164,100.669318127821
2167,100.669318127821
2168,100.669318127821
2171,100.669318127821
2173,100.669318127821
2174,100.669318127821
2175,100.669318127821
2178,100.669318127821
2180,100.669318127821
2185,100.669318127821
2189,100.669318127821
2190,100.669318127821
2192,100.669318127821
2194,100.669318127821
2200,100.669318127821
2201,100.669318127821
2203,100.669318127821
2204,100.669318127821
2205,100.669318127821
2209,100.669318127821
2213,100.669318127821
2214,100.669318127821
2215,100.669318127821
2216,100.669318127821
2218,100.669318127821
2219,100.669318127821
2220,100.669318127821
2222,100.669318127821
2223,100.669318127821
2225,100.669318127821
2226,100.669318127821
2230,100.669318127821
2233,100.669318127821
2234,100.669318127821
2235,100.669318127821
2236,100.669318127821
2237,100.669318127821
2240,100.669318127821
2241,100.669318127821
2248,100.669318127821
2249,100.669318127821
2250,100.669318127821
2252,100.669318127821
2253,100.669318127821
2254,100.669318127821
2256,100.669318127821
2258,100.669318127821
2259,100.669318127821
2262,100.669318127821
2265,100.669318127821
2266,100.669318127821
2269,100.669318127821
2271,100.669318127821
2273,100.669318127821
2274,100.669318127821
2275,100.669318127821
2277,100.669318127821
2279,100.669318127821
2280,100.669318127821
2282,100.669318127821
2283,100.669318127821
2288,100.669318127821
2289,100.669318127821
2291,100.669318127821
2292,100.669318127821
2297,100.669318127821
2298,100.669318127821
2299,100.669318127821
2300,100.669318127821
2301,100.669318127821
2304,100.669318127821
2305,100.669318127821
2306,100.669318127821
2308,100.669318127821
2309,100.669318127821
2311,100.669318127821
2312,100.669318127821
2316,100.669318127821
2321,100.669318127821
2322,100.669318127821
2325,100.669318127821
2326,100.669318127821
2329,100.669318127821
2330,100.669318127821
2331,100.669318127821
2332,100.669318127821
2333,100.669318127821
2334,100.669318127821
2335,100.669318127821
2337,100.669318127821
2338,100.669318127821
2340,100.669318127821
2342,100.669318127821
2345,100.669318127821
2349,100.669318127821
2351,100.669318127821
2352,100.669318127821
2354,100.669318127821
2355,100.669318127821
2357,100.669318127821
2358,100.669318127821
2360,100.669318127821
2361,100.669318127821
2364,100.669318127821
2366,100.669318127821
2369,100.669318127821
2370,100.669318127821
2371,100.669318127821
2373,100.669318127821
2374,100.669318127821
2376,100.669318127821
2378,100.669318127821
2382,100.669318127821
2383,100.669318127821
2386,100.669318127821
2387,100.669318127821
2389,100.669318127821
2390,100.669318127821
2392,100.669318127821
2398,100.669318127821
2399,100.669318127821
2400,100.669318127821
2401,100.669318127821
2402,100.669318127821
2404,100.669318127821
2407,100.669318127821
2408,100.669318127821
2409,100.669318127821
2412,100.669318127821
2413,100.669318127821
2415,100.669318127821
2420,100.669318127821
2422,100.669318127821
2423,100.669318127821
2426,100.669318127821
2432,100.669318127821
2434,100.669318127821
2435,100.669318127821
2436,100.669318127821
2438,100.669318127821
2440,100.669318127821
2443,100.669318127821
2444,100.669318127821
2447,100.669318127821
2450,100.669318127821
2454,100.669318127821
2455,100.669318127821
2459,100.669318127821
2460,100.669318127821
2463,100.669318127821
2465,100.669318127821
2468,100.669318127821
2469,100.669318127821
2474,100.669318127821
2478,100.669318127821
2480,100.669318127821
2481,100.669318127821
2489,100.669318127821
2490,100.669318127821
2492,100.669318127821
2496,100.669318127821
2497,100.669318127821
2500,100.669318127821
2505,100.669318127821
2507,100.669318127821
2508,100.669318127821
2509,100.669318127821
2510,100.669318127821
2513,100.669318127821
2515,100.669318127821
2518,100.669318127821
2519,100.669318127821
2520,100.669318127821
2521,100.669318127821
2523,100.669318127821
2525,100.669318127821
2529,100.669318127821
2530,100.669318127821
2533,100.669318127821
2535,100.669318127821
2538,100.669318127821
2544,100.669318127821
2553,100.669318127821
2556,100.669318127821
2558,100.669318127821
2559,100.669318127821
2560,100.669318127821
2561,100.669318127821
2562,100.669318127821
2563,100.669318127821
2564,100.669318127821
2565,100.669318127821
2567,100.669318127821
2572,100.669318127821
2575,100.669318127821
2576,100.669318127821
2577,100.669318127821
2578,100.669318127821
2579,100.669318127821
2580,100.669318127821
2582,100.669318127821
2583,100.669318127821
2587,100.669318127821
2589,100.669318127821
2590,100.669318127821
2591,100.669318127821
2594,100.669318127821
2597,100.669318127821
2598,100.669318127821
2599,100.669318127821
2600,100.669318127821
2602,100.669318127821
2603,100.669318127821
2604,100.669318127821
2606,100.669318127821
2607,100.669318127821
2608,100.669318127821
2613,100.669318127821
2614,100.669318127821
2615,100.669318127821
2617,100.669318127821
2620,100.669318127821
2623,100.669318127821
2624,100.669318127821
2627,100.669318127821
2629,100.669318127821
2630,100.669318127821
2632,100.669318127821
2636,100.669318127821
2639,100.669318127821
2640,100.669318127821
2642,100.669318127821
2644,100.669318127821
2646,100.669318127821
2647,100.669318127821
2649,100.669318127821
2650,100.669318127821
2652,100.669318127821
2653,100.669318127821
2655,100.669318127821
2657,100.669318127821
2659,100.669318127821
2662,100.669318127821
2663,100.669318127821
2664,100.669318127821
2665,100.669318127821
2670,100.669318127821
2671,100.669318127821
2672,100.669318127821
2675,100.669318127821
2677,100.669318127821
2679,100.669318127821
2683,100.669318127821
2684,100.669318127821
2685,100.669318127821
2688,100.669318127821
2689,100.669318127821
2690,100.669318127821
2693,100.669318127821
2694,100.669318127821
2697,100.669318127821
2699,100.669318127821
2703,100.669318127821
2705,100.669318127821
2709,100.669318127821
2710,100.669318127821
2711,100.669318127821
2712,100.669318127821
2713,100.669318127821
2714,100.669318127821
2715,100.669318127821
2717,100.669318127821
2718,100.669318127821
2720,100.669318127821
2721,100.669318127821
2726,100.669318127821
2728,100.669318127821
2731,100.669318127821
2732,100.669318127821
2734,100.669318127821
2736,100.669318127821
2737,100.669318127821
2738,100.669318127821
2739,100.669318127821
2746,100.669318127821
2749,100.669318127821
2751,100.669318127821
2752,100.669318127821
2753,100.669318127821
2757,100.669318127821
2758,100.669318127821
2759,100.669318127821
2760,100.669318127821
2762,100.669318127821
2764,100.669318127821
2765,100.669318127821
2769,100.669318127821
2771,100.669318127821
2774,100.669318127821
2776,100.669318127821
2777,100.669318127821
2778,100.669318127821
2779,100.669318127821
2782,100.669318127821
2784,100.669318127821
2787,100.669318127821
2789,100.669318127821
2792,100.669318127821
2798,100.669318127821
2799,100.669318127821
2800,100.669318127821
2801,100.669318127821
2802,100.669318127821
2804,100.669318127821
2807,100.669318127821
2808,100.669318127821
2809,100.669318127821
2811,100.669318127821
2812,100.669318127821
2814,100.669318127821
2816,100.669318127821
2817,100.669318127821
2818,100.669318127821
2820,100.669318127821
2821,100.669318127821
2822,100.669318127821
2823,100.669318127821
2824,100.669318127821
2826,100.669318127821
2829,100.669318127821
2834,100.669318127821
2835,100.669318127821
2838,100.669318127821
2839,100.669318127821
2840,100.669318127821
2841,100.669318127821
2842,100.669318127821
2846,100.669318127821
2848,100.669318127821
2849,100.669318127821
2850,100.669318127821
2851,100.669318127821
2853,100.669318127821
2854,100.669318127821
2858,100.669318127821
2861,100.669318127821
2864,100.669318127821
2865,100.669318127821
2866,100.669318127821
2867,100.669318127821
2868,100.669318127821
2870,100.669318127821
2877,100.669318127821
2878,100.669318127821
2880,100.669318127821
2882,100.669318127821
2883,100.669318127821
2884,100.669318127821
2885,100.669318127821
2887,100.669318127821
2888,100.669318127821
2889,100.669318127821
2890,100.669318127821
2891,100.669318127821
2892,100.669318127821
2893,100.669318127821
2898,100.669318127821
2899,100.669318127821
2900,100.669318127821
2901,100.669318127821
2909,100.669318127821
2910,100.669318127821
2911,100.669318127821
2913,100.669318127821
2914,100.669318127821
2918,100.669318127821
2919,100.669318127821
2920,100.669318127821
2921,100.669318127821
2922,100.669318127821
2923,100.669318127821
2925,100.669318127821
2926,100.669318127821
2927,100.669318127821
2929,100.669318127821
2933,100.669318127821
2934,100.669318127821
2936,100.669318127821
2941,100.669318127821
2942,100.669318127821
2943,100.669318127821
2945,100.669318127821
2950,100.669318127821
2951,100.669318127821
2953,100.669318127821
2954,100.669318127821
2955,100.669318127821
2956,100.669318127821
2960,100.669318127821
2962,100.669318127821
2963,100.669318127821
2964,100.669318127821
2966,100.669318127821
2967,100.669318127821
2968,100.669318127821
2969,100.669318127821
2971,100.669318127821
2972,100.669318127821
2974,100.669318127821
2975,100.669318127821
2977,100.669318127821
2980,100.669318127821
2981,100.669318127821
2983,100.669318127821
2984,100.669318127821
2985,100.669318127821
2986,100.669318127821
2987,100.669318127821
2989,100.669318127821
2990,100.669318127821
2991,100.669318127821
2992,100.669318127821
2995,100.669318127821
2996,100.669318127821
3002,100.669318127821
3004,100.669318127821
3005,100.669318127821
3006,100.669318127821
3010,100.669318127821
3011,100.669318127821
3014,100.669318127821
3015,100.669318127821
3016,100.669318127821
3017,100.669318127821
3018,100.669318127821
3021,100.669318127821
3024,100.669318127821
3028,100.669318127821
3030,100.669318127821
3032,100.669318127821
3039,100.669318127821
3040,100.669318127821
3041,100.669318127821
3043,100.669318127821
3044,100.669318127821
3046,100.669318127821
3055,100.669318127821
3056,100.669318127821
3058,100.669318127821
3059,100.669318127821
3061,100.669318127821
3063,100.669318127821
3066,100.669318127821
3067,100.669318127821
3068,100.669318127821
3069,100.669318127821
3072,100.669318127821
3073,100.669318127821
3074,100.669318127821
3077,100.669318127821
3082,100.669318127821
3084,100.669318127821
3085,100.669318127821
3088,100.669318127821
3091,100.669318127821
3092,100.669318127821
3093,100.669318127821
3094,100.669318127821
3096,100.669318127821
3097,100.669318127821
3098,100.669318127821
3102,100.669318127821
3106,100.669318127821
3109,100.669318127821
3111,100.669318127821
3112,100.669318127821
3113,100.669318127821
3115,100.669318127821
3116,100.669318127821
3117,100.669318127821
3121,100.669318127821
3122,100.669318127821
3123,100.669318127821
3124,100.669318127821
3125,100.669318127821
3126,100.669318127821
3127,100.669318127821
3129,100.669318127821
3130,100.669318127821
3132,100.669318127821
3134,100.669318127821
3135,100.669318127821
3137,100.669318127821
3138,100.669318127821
3140,100.669318127821
3144,100.669318127821
3145,100.669318127821
3146,100.669318127821
3147,100.669318127821
3148,100.669318127821
3149,100.669318127821
3150,100.669318127821
3151,100.669318127821
3152,100.669318127821
3155,100.669318127821
3156,100.669318127821
3159,100.669318127821
3161,100.669318127821
3162,100.669318127821
3163,100.669318127821
3165,100.669318127821
3172,100.669318127821
3173,100.669318127821
3176,100.669318127821
3177,100.669318127821
3179,100.669318127821
3183,100.669318127821
3186,100.669318127821
3187,100.669318127821
3189,100.669318127821
3190,100.669318127821
3192,100.669318127821
3193,100.669318127821
3194,100.669318127821
3197,100.669318127821
3198,100.669318127821
3200,100.669318127821
3201,100.669318127821
3202,100.669318127821
3204,100.669318127821
3205,100.669318127821
3206,100.669318127821
3208,100.669318127821
3210,100.669318127821
3211,100.669318127821
3212,100.669318127821
3213,100.669318127821
3214,100.669318127821
3216,100.669318127821
3219,100.669318127821
3220,100.669318127821
3221,100.669318127821
3226,100.669318127821
3227,100.669318127821
3228,100.669318127821
3229,100.669318127821
3232,100.669318127821
3233,100.669318127821
3234,100.669318127821
3236,100.669318127821
3238,100.669318127821
3239,100.669318127821
3240,100.669318127821
3247,100.669318127821
3249,100.669318127821
3252,100.669318127821
3253,100.669318127821
3254,100.669318127821
3255,100.669318127821
3256,100.669318127821
3257,100.669318127821
3262,100.669318127821
3263,100.669318127821
3264,100.669318127821
3266,100.669318127821
3267,100.669318127821
3269,100.669318127821
3272,100.669318127821
3274,100.669318127821
3275,100.669318127821
3277,100.669318127821
3279,100.669318127821
3280,100.669318127821
3283,100.669318127821
3285,100.669318127821
3287,100.669318127821
3288,100.669318127821
3290,100.669318127821
3291,100.669318127821
3298,100.669318127821
3299,100.669318127821
3302,100.669318127821
3303,100.669318127821
3304,100.669318127821
3307,100.669318127821
3309,100.669318127821
3314,100.669318127821
3316,100.669318127821
3317,100.669318127821
3319,100.669318127821
3320,100.669318127821
3321,100.669318127821
3322,100.669318127821
3324,100.669318127821
3326,100.669318127821
3329,100.669318127821
3330,100.669318127821
3331,100.669318127821
3335,100.669318127821
3337,100.669318127821
3338,100.669318127821
3339,100.669318127821
3340,100.669318127821
3341,100.669318127821
3343,100.669318127821
3346,100.669318127821
3348,100.669318127821
3351,100.669318127821
3352,100.669318127821
3355,100.669318127821
3356,100.669318127821
3358,100.669318127821
3359,100.669318127821
3360,100.669318127821
3371,100.669318127821
3372,100.669318127821
3374,100.669318127821
3377,100.669318127821
3378,100.669318127821
3380,100.669318127821
3382,100.669318127821
3386,100.669318127821
3389,100.669318127821
3391,100.669318127821
3393,100.669318127821
3394,100.669318127821
3395,100.669318127821
3397,100.669318127821
3398,100.669318127821
3399,100.669318127821
3400,100.669318127821
3404,100.669318127821
3407,100.669318127821
3409,100.669318127821
3419,100.669318127821
3421,100.669318127821
3425,100.669318127821
3427,100.669318127821
3428,100.669318127821
3429,100.669318127821
3431,100.669318127821
3435,100.669318127821
3436,100.669318127821
3439,100.669318127821
3441,100.669318127821
3442,100.669318127821
3443,100.669318127821
3444,100.669318127821
3445,100.669318127821
3446,100.669318127821
3449,100.669318127821
3453,100.669318127821
3457,100.669318127821
3460,100.669318127821
3461,100.669318127821
3462,100.669318127821
3464,100.669318127821
3465,100.669318127821
3466,100.669318127821
3467,100.669318127821
3468,100.669318127821
3469,100.669318127821
3470,100.669318127821
3472,100.669318127821
3473,100.669318127821
3475,100.669318127821
3476,100.669318127821
3478,100.669318127821
3479,100.669318127821
3483,100.669318127821
3484,100.669318127821
3485,100.669318127821
3487,100.669318127821
3488,100.669318127821
3496,100.669318127821
3497,100.669318127821
3499,100.669318127821
3500,100.669318127821
3501,100.669318127821
3504,100.669318127821
3508,100.669318127821
3511,100.669318127821
3512,100.669318127821
3515,100.669318127821
3517,100.669318127821
3518,100.669318127821
3526,100.669318127821
3528,100.669318127821
3529,100.669318127821
3530,100.669318127821
3531,100.669318127821
3532,100.669318127821
3533,100.669318127821
3534,100.669318127821
3535,100.669318127821
3536,100.669318127821
3537,100.669318127821
3538,100.669318127821
3539,100.669318127821
3540,100.669318127821
3545,100.669318127821
3546,100.669318127821
3550,100.669318127821
3551,100.669318127821
3553,100.669318127821
3554,100.669318127821
3557,100.669318127821
3558,100.669318127821
3559,100.669318127821
3561,100.669318127821
3562,100.669318127821
3563,100.669318127821
3564,100.669318127821
3565,100.669318127821
3567,100.669318127821
3571,100.669318127821
3572,100.669318127821
3574,100.669318127821
3576,100.669318127821
3577,100.669318127821
3578,100.669318127821
3579,100.669318127821
3583,100.669318127821
3585,100.669318127821
3586,100.669318127821
3587,100.669318127821
3593,100.669318127821
3594,100.669318127821
3595,100.669318127821
3599,100.669318127821
3600,100.669318127821
3601,100.669318127821
3602,100.669318127821
3604,100.669318127821
3609,100.669318127821
3610,100.669318127821
3612,100.669318127821
3614,100.669318127821
3615,100.669318127821
3617,100.669318127821
3618,100.669318127821
3619,100.669318127821
3620,100.669318127821
3621,100.669318127821
3625,100.669318127821
3626,100.669318127821
3630,100.669318127821
3631,100.669318127821
3632,100.669318127821
3633,100.669318127821
3634,100.669318127821
3637,100.669318127821
3639,100.669318127821
3640,100.669318127821
3641,100.669318127821
3644,100.669318127821
3645,100.669318127821
3646,100.669318127821
3647,100.669318127821
3648,100.669318127821
3653,100.669318127821
3654,100.669318127821
3655,100.669318127821
3659,100.669318127821
3660,100.669318127821
3662,100.669318127821
3666,100.669318127821
3668,100.669318127821
3671,100.669318127821
3673,100.669318127821
3674,100.669318127821
3675,100.669318127821
3681,100.669318127821
3682,100.669318127821
3686,100.669318127821
3687,100.669318127821
3692,100.669318127821
3695,100.669318127821
3696,100.669318127821
3699,100.669318127821
3705,100.669318127821
3707,100.669318127821
3708,100.669318127821
3709,100.669318127821
3710,100.669318127821
3712,100.669318127821
3715,100.669318127821
3716,100.669318127821
3720,100.669318127821
3722,100.669318127821
3726,100.669318127821
3728,100.669318127821
3729,100.669318127821
3731,100.669318127821
3735,100.669318127821
3736,100.669318127821
3739,100.669318127821
3741,100.669318127821
3743,100.669318127821
3744,100.669318127821
3745,100.669318127821
3746,100.669318127821
3751,100.669318127821
3753,100.669318127821
3760,100.669318127821
3761,100.669318127821
3762,100.669318127821
3763,100.669318127821
3765,100.669318127821
3768,100.669318127821
3769,100.669318127821
3770,100.669318127821
3773,100.669318127821
3774,100.669318127821
3776,100.669318127821
3778,100.669318127821
3779,100.669318127821
3780,100.669318127821
3781,100.669318127821
3782,100.669318127821
3783,100.669318127821
3784,100.669318127821
3786,100.669318127821
3789,100.669318127821
3790,100.669318127821
3793,100.669318127821
3795,100.669318127821
3797,100.669318127821
3798,100.669318127821
3800,100.669318127821
3804,100.669318127821
3810,100.669318127821
3815,100.669318127821
3816,100.669318127821
3818,100.669318127821
3824,100.669318127821
3828,100.669318127821
3830,100.669318127821
3831,100.669318127821
3832,100.669318127821
3834,100.669318127821
3835,100.669318127821
3836,100.669318127821
3838,100.669318127821
3839,100.669318127821
3840,100.669318127821
3845,100.669318127821
3846,100.669318127821
3847,100.669318127821
3849,100.669318127821
3853,100.669318127821
3855,100.669318127821
3856,100.669318127821
3864,100.669318127821
3865,100.669318127821
3866,100.669318127821
3867,100.669318127821
3868,100.669318127821
3869,100.669318127821
3871,100.669318127821
3875,100.669318127821
3876,100.669318127821
3878,100.669318127821
3879,100.669318127821
3881,100.669318127821
3883,100.669318127821
3884,100.669318127821
3886,100.669318127821
3890,100.669318127821
3893,100.669318127821
3897,100.669318127821
3901,100.669318127821
3902,100.669318127821
3913,100.669318127821
3914,100.669318127821
3916,100.669318127821
3917,100.669318127821
3924,100.669318127821
3925,100.669318127821
3928,100.669318127821
3929,100.669318127821
3932,100.669318127821
3933,100.669318127821
3934,100.669318127821
3935,100.669318127821
3936,100.669318127821
3937,100.669318127821
3938,100.669318127821
3939,100.669318127821
3943,100.669318127821
3944,100.669318127821
3945,100.669318127821
3946,100.669318127821
3947,100.669318127821
3948,100.669318127821
3949,100.669318127821
3950,100.669318127821
3951,100.669318127821
3952,100.669318127821
3953,100.669318127821
3961,100.669318127821
3962,100.669318127821
3966,100.669318127821
3967,100.669318127821
3968,100.669318127821
3969,100.669318127821
3970,100.669318127821
3971,100.669318127821
3973,100.669318127821
3974,100.669318127821
3975,100.669318127821
3977,100.669318127821
3979,100.669318127821
3985,100.669318127821
3986,100.669318127821
3988,100.669318127821
3991,100.669318127821
3992,100.669318127821
3993,100.669318127821
3994,100.669318127821
3995,100.669318127821
4005,100.669318127821
4007,100.669318127821
4008,100.669318127821
4009,100.669318127821
4010,100.669318127821
4011,100.669318127821
4012,100.669318127821
4013,100.669318127821
4015,100.669318127821
4016,100.669318127821
4018,100.669318127821
4025,100.669318127821
4026,100.669318127821
4028,100.669318127821
4029,100.669318127821
4031,100.669318127821
4032,100.669318127821
4033,100.669318127821
4034,100.669318127821
4037,100.669318127821
4038,100.669318127821
4039,100.669318127821
4041,100.669318127821
4042,100.669318127821
4043,100.669318127821
4044,100.669318127821
4045,100.669318127821
4046,100.669318127821
4047,100.669318127821
4048,100.669318127821
4049,100.669318127821
4051,100.669318127821
4052,100.669318127821
4058,100.669318127821
4062,100.669318127821
4064,100.669318127821
4067,100.669318127821
4068,100.669318127821
4070,100.669318127821
4072,100.669318127821
4074,100.669318127821
4075,100.669318127821
4076,100.669318127821
4077,100.669318127821
4078,100.669318127821
4080,100.669318127821
4082,100.669318127821
4085,100.669318127821
4086,100.669318127821
4088,100.669318127821
4089,100.669318127821
4092,100.669318127821
4094,100.669318127821
4095,100.669318127821
4096,100.669318127821
4097,100.669318127821
4102,100.669318127821
4105,100.669318127821
4107,100.669318127821
4111,100.669318127821
4112,100.669318127821
4113,100.669318127821
4114,100.669318127821
4115,100.669318127821
4116,100.669318127821
4117,100.669318127821
4118,100.669318127821
4119,100.669318127821
4120,100.669318127821
4122,100.669318127821
4125,100.669318127821
4126,100.669318127821
4129,100.669318127821
4134,100.669318127821
4137,100.669318127821
4141,100.669318127821
4142,100.669318127821
4144,100.669318127821
4145,100.669318127821
4146,100.669318127821
4150,100.669318127821
4151,100.669318127821
4154,100.669318127821
4156,100.669318127821
4157,100.669318127821
4159,100.669318127821
4160,100.669318127821
4161,100.669318127821
4168,100.669318127821
4171,100.669318127821
4172,100.669318127821
4173,100.669318127821
4175,100.669318127821
4176,100.669318127821
4177,100.669318127821
4178,100.669318127821
4179,100.669318127821
4181,100.669318127821
4183,100.669318127821
4184,100.669318127821
4185,100.669318127821
4186,100.669318127821
4188,100.669318127821
4190,100.669318127821
4192,100.669318127821
4193,100.669318127821
4194,100.669318127821
4195,100.669318127821
4196,100.669318127821
4202,100.669318127821
4203,100.669318127821
4208,100.669318127821
4209,100.669318127821
4210,100.669318127821
4211,100.669318127821
4212,100.669318127821
4214,100.669318127821
4215,100.669318127821
4216,100.669318127821
4217,100.669318127821
4219,100.669318127821
4222,100.669318127821
4224,100.669318127821
4231,100.669318127821
4232,100.669318127821
4234,100.669318127821
4236,100.669318127821
4237,100.669318127821
4240,100.669318127821
4242,100.669318127821
4243,100.669318127821
4247,100.669318127821
4248,100.669318127821
4249,100.669318127821
4254,100.669318127821
4263,100.669318127821
4265,100.669318127821
4267,100.669318127821
4268,100.669318127821
4271,100.669318127821
4272,100.669318127821
4273,100.669318127821
4274,100.669318127821
4276,100.669318127821
4278,100.669318127821
4280,100.669318127821
4281,100.669318127821
4283,100.669318127821
4284,100.669318127821
4285,100.669318127821
4286,100.669318127821
4287,100.669318127821
4288,100.669318127821
4289,100.669318127821
4290,100.669318127821
4293,100.669318127821
4296,100.669318127821
4297,100.669318127821
4299,100.669318127821
4303,100.669318127821
4310,100.669318127821
4312,100.669318127821
4318,100.669318127821
4320,100.669318127821
4322,100.669318127821
4323,100.669318127821
4325,100.669318127821
4326,100.669318127821
4328,100.669318127821
4330,100.669318127821
4332,100.669318127821
4333,100.669318127821
4335,100.669318127821
4336,100.669318127821
4338,100.669318127821
4341,100.669318127821
4342,100.669318127821
4344,100.669318127821
4347,100.669318127821
4348,100.669318127821
4351,100.669318127821
4352,100.669318127821
4353,100.669318127821
4355,100.669318127821
4356,100.669318127821
4359,100.669318127821
4360,100.669318127821
4361,100.669318127821
4364,100.669318127821
4365,100.669318127821
4368,100.669318127821
4372,100.669318127821
4374,100.669318127821
4376,100.669318127821
4377,100.669318127821
4380,100.669318127821
4383,100.669318127821
4384,100.669318127821
4385,100.669318127821
4389,100.669318127821
4391,100.669318127821
4392,100.669318127821
4393,100.669318127821
4395,100.669318127821
4396,100.669318127821
4398,100.669318127821
4399,100.669318127821
4401,100.669318127821
4406,100.669318127821
4408,100.669318127821
4412,100.669318127821
4415,100.669318127821
4418,100.669318127821
4419,100.669318127821
4420,100.669318127821
4422,100.669318127821
4423,100.669318127821
4425,100.669318127821
4428,100.669318127821
4431,100.669318127821
4434,100.669318127821
4436,100.669318127821
4437,100.669318127821
4439,100.669318127821
4440,100.669318127821
4441,100.669318127821
4444,100.669318127821
4445,100.669318127821
4446,100.669318127821
4447,100.669318127821
4452,100.669318127821
4456,100.669318127821
4457,100.669318127821
4458,100.669318127821
4460,100.669318127821
4461,100.669318127821
4462,100.669318127821
4465,100.669318127821
4466,100.669318127821
4468,100.669318127821
4469,100.669318127821
4472,100.669318127821
4475,100.669318127821
4478,100.669318127821
4479,100.669318127821
4480,100.669318127821
4483,100.669318127821
4484,100.669318127821
4485,100.669318127821
4486,100.669318127821
4488,100.669318127821
4489,100.669318127821
4490,100.669318127821
4491,100.669318127821
4492,100.669318127821
4493,100.669318127821
4494,100.669318127821
4495,100.669318127821
4498,100.669318127821
4499,100.669318127821
4500,100.669318127821
4503,100.669318127821
4505,100.669318127821
4506,100.669318127821
4507,100.669318127821
4508,100.669318127821
4510,100.669318127821
4511,100.669318127821
4513,100.669318127821
4516,100.669318127821
4519,100.669318127821
4521,100.669318127821
4531,100.669318127821
4532,100.669318127821
4533,100.669318127821
4534,100.669318127821
4536,100.669318127821
4537,100.669318127821
4539,100.669318127821
4542,100.669318127821
4545,100.669318127821
4549,100.669318127821
4551,100.669318127821
4554,100.669318127821
4556,100.669318127821
4559,100.669318127821
4561,100.669318127821
4562,100.669318127821
4566,100.669318127821
4569,100.669318127821
4570,100.669318127821
4573,100.669318127821
4574,100.669318127821
4575,100.669318127821
4577,100.669318127821
4578,100.669318127821
4580,100.669318127821
4582,100.669318127821
4583,100.669318127821
4585,100.669318127821
4587,100.669318127821
4595,100.669318127821
4596,100.669318127821
4601,100.669318127821
4602,100.669318127821
4603,100.669318127821
4605,100.669318127821
4606,100.669318127821
4607,100.669318127821
4608,100.669318127821
4610,100.669318127821
4613,100.669318127821
4617,100.669318127821
4618,100.669318127821
4619,100.669318127821
4620,100.669318127821
4622,100.669318127821
4625,100.669318127821
4626,100.669318127821
4627,100.669318127821
4629,100.669318127821
4631,100.669318127821
4633,100.669318127821
4634,100.669318127821
4635,100.669318127821
4639,100.669318127821
4640,100.669318127821
4642,100.669318127821
4644,100.669318127821
4646,100.669318127821
4647,100.669318127821
4648,100.669318127821
4649,100.669318127821
4650,100.669318127821
4655,100.669318127821
4660,100.669318127821
4661,100.669318127821
4662,100.669318127821
4663,100.669318127821
4665,100.669318127821
4666,100.669318127821
4667,100.669318127821
4668,100.669318127821
4670,100.669318127821
4671,100.669318127821
4672,100.669318127821
4673,100.669318127821
4675,100.669318127821
4676,100.669318127821
4677,100.669318127821
4680,100.669318127821
4682,100.669318127821
4683,100.669318127821
4685,100.669318127821
4686,100.669318127821
4688,100.669318127821
4690,100.669318127821
4692,100.669318127821
4693,100.669318127821
4697,100.669318127821
4700,100.669318127821
4702,100.669318127821
4707,100.669318127821
4708,100.669318127821
4710,100.669318127821
4716,100.669318127821
4717,100.669318127821
4718,100.669318127821
4720,100.669318127821
4721,100.669318127821
4723,100.669318127821
4726,100.669318127821
4727,100.669318127821
4729,100.669318127821
4731,100.669318127821
4732,100.669318127821
4735,100.669318127821
4736,100.669318127821
4737,100.669318127821
4738,100.669318127821
4739,100.669318127821
4744,100.669318127821
4747,100.669318127821
4749,100.669318127821
4750,100.669318127821
4752,100.669318127821
4755,100.669318127821
4756,100.669318127821
4757,100.669318127821
4758,100.669318127821
4759,100.669318127821
4763,100.669318127821
4764,100.669318127821
4765,100.669318127821
4766,100.669318127821
4767,100.669318127821
4769,100.669318127821
4770,100.669318127821
4771,100.669318127821
4772,100.669318127821
4774,100.669318127821
4776,100.669318127821
4777,100.669318127821
4778,100.669318127821
4780,100.669318127821
4784,100.669318127821
4786,100.669318127821
4787,100.669318127821
4788,100.669318127821
4789,100.669318127821
4791,100.669318127821
4792,100.669318127821
4795,100.669318127821
4796,100.669318127821
4803,100.669318127821
4805,100.669318127821
4807,100.669318127821
4809,100.669318127821
4816,100.669318127821
4817,100.669318127821
4818,100.669318127821
4820,100.669318127821
4821,100.669318127821
4823,100.669318127821
4824,100.669318127821
4825,100.669318127821
4829,100.669318127821
4830,100.669318127821
4831,100.669318127821
4833,100.669318127821
4836,100.669318127821
4837,100.669318127821
4838,100.669318127821
4840,100.669318127821
4841,100.669318127821
4842,100.669318127821
4843,100.669318127821
4844,100.669318127821
4849,100.669318127821
4851,100.669318127821
4852,100.669318127821
4858,100.669318127821
4860,100.669318127821
4863,100.669318127821
4864,100.669318127821
4865,100.669318127821
4867,100.669318127821
4868,100.669318127821
4869,100.669318127821
4873,100.669318127821
4875,100.669318127821
4876,100.669318127821
4877,100.669318127821
4878,100.669318127821
4880,100.669318127821
4886,100.669318127821
4888,100.669318127821
4889,100.669318127821
4890,100.669318127821
4893,100.669318127821
4895,100.669318127821
4896,100.669318127821
4899,100.669318127821
4901,100.669318127821
4902,100.669318127821
4903,100.669318127821
4904,100.669318127821
4910,100.669318127821
4912,100.669318127821
4915,100.669318127821
4916,100.669318127821
4917,100.669318127821
4920,100.669318127821
4927,100.669318127821
4928,100.669318127821
4931,100.669318127821
4934,100.669318127821
4936,100.669318127821
4939,100.669318127821
4942,100.669318127821
4943,100.669318127821
4944,100.669318127821
4945,100.669318127821
4947,100.669318127821
4948,100.669318127821
4951,100.669318127821
4952,100.669318127821
4953,100.669318127821
4956,100.669318127821
4957,100.669318127821
4958,100.669318127821
4960,100.669318127821
4968,100.669318127821
4969,100.669318127821
4971,100.669318127821
4973,100.669318127821
4975,100.669318127821
4976,100.669318127821
4978,100.669318127821
4979,100.669318127821
4982,100.669318127821
4983,100.669318127821
4984,100.669318127821
4985,100.669318127821
4986,100.669318127821
4987,100.669318127821
4988,100.669318127821
4994,100.669318127821
4995,100.669318127821
5002,100.669318127821
5004,100.669318127821
5005,100.669318127821
5006,100.669318127821
5007,100.669318127821
5009,100.669318127821
5011,100.669318127821
5014,100.669318127821
5015,100.669318127821
5018,100.669318127821
5019,100.669318127821
5020,100.669318127821
5021,100.669318127821
5022,100.669318127821
5023,100.669318127821
5025,100.669318127821
5032,100.669318127821
5034,100.669318127821
5036,100.669318127821
5038,100.669318127821
5039,100.669318127821
5046,100.669318127821
5049,100.669318127821
5051,100.669318127821
5052,100.669318127821
5053,100.669318127821
5054,100.669318127821
5055,100.669318127821
5057,100.669318127821
5059,100.669318127821
5062,100.669318127821
5063,100.669318127821
5065,100.669318127821
5069,100.669318127821
5071,100.669318127821
5074,100.669318127821
5075,100.669318127821
5076,100.669318127821
5077,100.669318127821
5079,100.669318127821
5080,100.669318127821
5081,100.669318127821
5083,100.669318127821
5088,100.669318127821
5089,100.669318127821
5093,100.669318127821
5094,100.669318127821
5095,100.669318127821
5099,100.669318127821
5101,100.669318127821
5103,100.669318127821
5104,100.669318127821
5105,100.669318127821
5107,100.669318127821
5108,100.669318127821
5109,100.669318127821
5111,100.669318127821
5112,100.669318127821
5113,100.669318127821
5114,100.669318127821
5115,100.669318127821
5118,100.669318127821
5122,100.669318127821
5123,100.669318127821
5125,100.669318127821
5127,100.669318127821
5128,100.669318127821
5129,100.669318127821
5132,100.669318127821
5134,100.669318127821
5135,100.669318127821
5137,100.669318127821
5142,100.669318127821
5143,100.669318127821
5144,100.669318127821
5148,100.669318127821
5149,100.669318127821
5150,100.669318127821
5154,100.669318127821
5155,100.669318127821
5159,100.669318127821
5164,100.669318127821
5165,100.669318127821
5166,100.669318127821
5167,100.669318127821
5169,100.669318127821
5171,100.669318127821
5172,100.669318127821
5176,100.669318127821
5184,100.669318127821
5185,100.669318127821
5186,100.669318127821
5188,100.669318127821
5189,100.669318127821
5190,100.669318127821
5191,100.669318127821
5193,100.669318127821
5196,100.669318127821
5199,100.669318127821
5200,100.669318127821
5203,100.669318127821
5204,100.669318127821
5205,100.669318127821
5207,100.669318127821
5208,100.669318127821
5212,100.669318127821
5214,100.669318127821
5218,100.669318127821
5220,100.669318127821
5222,100.669318127821
5224,100.669318127821
5225,100.669318127821
5227,100.669318127821
5229,100.669318127821
5232,100.669318127821
5233,100.669318127821
5234,100.669318127821
5237,100.669318127821
5239,100.669318127821
5240,100.669318127821
5241,100.669318127821
5244,100.669318127821
5248,100.669318127821
5251,100.669318127821
5253,100.669318127821
5255,100.669318127821
5256,100.669318127821
5257,100.669318127821
5259,100.669318127821
5260,100.669318127821
5266,100.669318127821
5268,100.669318127821
5275,100.669318127821
5276,100.669318127821
5277,100.669318127821
5279,100.669318127821
5280,100.669318127821
5281,100.669318127821
5283,100.669318127821
5284,100.669318127821
5285,100.669318127821
5286,100.669318127821
5287,100.669318127821
5289,100.669318127821
5290,100.669318127821
5292,100.669318127821
5293,100.669318127821
5294,100.669318127821
5297,100.669318127821
5299,100.669318127821
5302,100.669318127821
5305,100.669318127821
5306,100.669318127821
5308,100.669318127821
5309,100.669318127821
5310,100.669318127821
5312,100.669318127821
5316,100.669318127821
5317,100.669318127821
5319,100.669318127821
5320,100.669318127821
5323,100.669318127821
5329,100.669318127821
5331,100.669318127821
5334,100.669318127821
5336,100.669318127821
5338,100.669318127821
5341,100.669318127821
5345,100.669318127821
5348,100.669318127821
5349,100.669318127821
5355,100.669318127821
5356,100.669318127821
5360,100.669318127821
5362,100.669318127821
5364,100.669318127821
5366,100.669318127821
5367,100.669318127821
5368,100.669318127821
5370,100.669318127821
5371,100.669318127821
5373,100.669318127821
5375,100.669318127821
5376,100.669318127821
5378,100.669318127821
5379,100.669318127821
5383,100.669318127821
5384,100.669318127821
5389,100.669318127821
5391,100.669318127821
5393,100.669318127821
5395,100.669318127821
5397,100.669318127821
5398,100.669318127821
5399,100.669318127821
5401,100.669318127821
5402,100.669318127821
5403,100.669318127821
5404,100.669318127821
5407,100.669318127821
5408,100.669318127821
5413,100.669318127821
5414,100.669318127821
5417,100.669318127821
5418,100.669318127821
5420,100.669318127821
5421,100.669318127821
5424,100.669318127821
5425,100.669318127821
5426,100.669318127821
5429,100.669318127821
5431,100.669318127821
5437,100.669318127821
5440,100.669318127821
5444,100.669318127821
5446,100.669318127821
5447,100.669318127821
5451,100.669318127821
5452,100.669318127821
5455,100.669318127821
5456,100.669318127821
5458,100.669318127821
5459,100.669318127821
5460,100.669318127821
5462,100.669318127821
5463,100.669318127821
5464,100.669318127821
5465,100.669318127821
5466,100.669318127821
5467,100.669318127821
5468,100.669318127821
5469,100.669318127821
5472,100.669318127821
5474,100.669318127821
5475,100.669318127821
5476,100.669318127821
5479,100.669318127821
5480,100.669318127821
5482,100.669318127821
5485,100.669318127821
5486,100.669318127821
5488,100.669318127821
5495,100.669318127821
5496,100.669318127821
5497,100.669318127821
5499,100.669318127821
5503,100.669318127821
5504,100.669318127821
5507,100.669318127821
5509,100.669318127821
5511,100.669318127821
5512,100.669318127821
5516,100.669318127821
5517,100.669318127821
5518,100.669318127821
5521,100.669318127821
5522,100.669318127821
5527,100.669318127821
5528,100.669318127821
5529,100.669318127821
5532,100.669318127821
5533,100.669318127821
5535,100.669318127821
5536,100.669318127821
5540,100.669318127821
5547,100.669318127821
5548,100.669318127821
5550,100.669318127821
5551,100.669318127821
5554,100.669318127821
5555,100.669318127821
5559,100.669318127821
5560,100.669318127821
5561,100.669318127821
5562,100.669318127821
5563,100.669318127821
5565,100.669318127821
5566,100.669318127821
5567,100.669318127821
5568,100.669318127821
5572,100.669318127821
5574,100.669318127821
5576,100.669318127821
5579,100.669318127821
5580,100.669318127821
5581,100.669318127821
5583,100.669318127821
5584,100.669318127821
5586,100.669318127821
5587,100.669318127821
5589,100.669318127821
5591,100.669318127821
5592,100.669318127821
5593,100.669318127821
5594,100.669318127821
5595,100.669318127821
5596,100.669318127821
5597,100.669318127821
5598,100.669318127821
5599,100.669318127821
5602,100.669318127821
5603,100.669318127821
5605,100.669318127821
5607,100.669318127821
5608,100.669318127821
5609,100.669318127821
5610,100.669318127821
5612,100.669318127821
5613,100.669318127821
5614,100.669318127821
5616,100.669318127821
5621,100.669318127821
5623,100.669318127821
5628,100.669318127821
5629,100.669318127821
5631,100.669318127821
5633,100.669318127821
5638,100.669318127821
5639,100.669318127821
5640,100.669318127821
5645,100.669318127821
5646,100.669318127821
5649,100.669318127821
5653,100.669318127821
5655,100.669318127821
5656,100.669318127821
5658,100.669318127821
5662,100.669318127821
5663,100.669318127821
5667,100.669318127821
5670,100.669318127821
5671,100.669318127821
5672,100.669318127821
5673,100.669318127821
5674,100.669318127821
5675,100.669318127821
5676,100.669318127821
5679,100.669318127821
5683,100.669318127821
5687,100.669318127821
5688,100.669318127821
5690,100.669318127821
5691,100.669318127821
5692,100.669318127821
5693,100.669318127821
5694,100.669318127821
5697,100.669318127821
5698,100.669318127821
5699,100.669318127821
5704,100.669318127821
5707,100.669318127821
5709,100.669318127821
5710,100.669318127821
5714,100.669318127821
5718,100.669318127821
5721,100.669318127821
5723,100.669318127821
5724,100.669318127821
5725,100.669318127821
5726,100.669318127821
5729,100.669318127821
5730,100.669318127821
5731,100.669318127821
5733,100.669318127821
5736,100.669318127821
5741,100.669318127821
5745,100.669318127821
5747,100.669318127821
5748,100.669318127821
5750,100.669318127821
5751,100.669318127821
5752,100.669318127821
5754,100.669318127821
5755,100.669318127821
5757,100.669318127821
5758,100.669318127821
5760,100.669318127821
5762,100.669318127821
5766,100.669318127821
5768,100.669318127821
5769,100.669318127821
5770,100.669318127821
5771,100.669318127821
5772,100.669318127821
5773,100.669318127821
5774,100.669318127821
5776,100.669318127821
5777,100.669318127821
5778,100.669318127821
5780,100.669318127821
5782,100.669318127821
5783,100.669318127821
5784,100.669318127821
5786,100.669318127821
5788,100.669318127821
5789,100.669318127821
5790,100.669318127821
5791,100.669318127821
5793,100.669318127821
5794,100.669318127821
5796,100.669318127821
5797,100.669318127821
5801,100.669318127821
5803,100.669318127821
5804,100.669318127821
5805,100.669318127821
5806,100.669318127821
5808,100.669318127821
5813,100.669318127821
5815,100.669318127821
5816,100.669318127821
5822,100.669318127821
5823,100.669318127821
5825,100.669318127821
5827,100.669318127821
5829,100.669318127821
5830,100.669318127821
5831,100.669318127821
5832,100.669318127821
5833,100.669318127821
5837,100.669318127821
5838,100.669318127821
5839,100.669318127821
5842,100.669318127821
5844,100.669318127821
5845,100.669318127821
5846,100.669318127821
5848,100.669318127821
5850,100.669318127821
5851,100.669318127821
5853,100.669318127821
5854,100.669318127821
5858,100.669318127821
5860,100.669318127821
5864,100.669318127821
5866,100.669318127821
5867,100.669318127821
5868,100.669318127821
5869,100.669318127821
5870,100.669318127821
5871,100.669318127821
5874,100.669318127821
5876,100.669318127821
5877,100.669318127821
5878,100.669318127821
5879,100.669318127821
5880,100.669318127821
5884,100.669318127821
5886,100.669318127821
5890,100.669318127821
5896,100.669318127821
5897,100.669318127821
5898,100.669318127821
5901,100.669318127821
5903,100.669318127821
5906,100.669318127821
5908,100.669318127821
5909,100.669318127821
5910,100.669318127821
5911,100.669318127821
5912,100.669318127821
5914,100.669318127821
5919,100.669318127821
5924,100.669318127821
5926,100.669318127821
5929,100.669318127821
5930,100.669318127821
5932,100.669318127821
5933,100.669318127821
5934,100.669318127821
5935,100.669318127821
5936,100.669318127821
5937,100.669318127821
5938,100.669318127821
5939,100.669318127821
5942,100.669318127821
5943,100.669318127821
5944,100.669318127821
5946,100.669318127821
5951,100.669318127821
5953,100.669318127821
5954,100.669318127821
5957,100.669318127821
5961,100.669318127821
5962,100.669318127821
5964,100.669318127821
5965,100.669318127821
5968,100.669318127821
5969,100.669318127821
5974,100.669318127821
5975,100.669318127821
5978,100.669318127821
5981,100.669318127821
5982,100.669318127821
5983,100.669318127821
5989,100.669318127821
5991,100.669318127821
5992,100.669318127821
5995,100.669318127821
5996,100.669318127821
5997,100.669318127821
5998,100.669318127821
5999,100.669318127821
6001,100.669318127821
6002,100.669318127821
6003,100.669318127821
6004,100.669318127821
6006,100.669318127821
6007,100.669318127821
6011,100.669318127821
6012,100.669318127821
6014,100.669318127821
6015,100.669318127821
6016,100.669318127821
6017,100.669318127821
6018,100.669318127821
6024,100.669318127821
6025,100.669318127821
6026,100.669318127821
6028,100.669318127821
6029,100.669318127821
6030,100.669318127821
6036,100.669318127821
6040,100.669318127821
6041,100.669318127821
6042,100.669318127821
6044,100.669318127821
6045,100.669318127821
6047,100.669318127821
6048,100.669318127821
6049,100.669318127821
6051,100.669318127821
6052,100.669318127821
6053,100.669318127821
6054,100.669318127821
6058,100.669318127821
6059,100.669318127821
6062,100.669318127821
6063,100.669318127821
6064,100.669318127821
6065,100.669318127821
6067,100.669318127821
6068,100.669318127821
6070,100.669318127821
6071,100.669318127821
6072,100.669318127821
6080,100.669318127821
6081,100.669318127821
6084,100.669318127821
6087,100.669318127821
6089,100.669318127821
6092,100.669318127821
6094,100.669318127821
6095,100.669318127821
6097,100.669318127821
6100,100.669318127821
6104,100.669318127821
6105,100.669318127821
6106,100.669318127821
6107,100.669318127821
6108,100.669318127821
6109,100.669318127821
6110,100.669318127821
6114,100.669318127821
6116,100.669318127821
6117,100.669318127821
6118,100.669318127821
6123,100.669318127821
6125,100.669318127821
6128,100.669318127821
6130,100.669318127821
6132,100.669318127821
6137,100.669318127821
6139,100.669318127821
6140,100.669318127821
6141,100.669318127821
6142,100.669318127821
6144,100.669318127821
6145,100.669318127821
6146,100.669318127821
6149,100.669318127821
6156,100.669318127821
6159,100.669318127821
6160,100.669318127821
6162,100.669318127821
6164,100.669318127821
6165,100.669318127821
6168,100.669318127821
6169,100.669318127821
6170,100.669318127821
6171,100.669318127821
6172,100.669318127821
6173,100.669318127821
6176,100.669318127821
6177,100.669318127821
6178,100.669318127821
6180,100.669318127821
6181,100.669318127821
6182,100.669318127821
6185,100.669318127821
6186,100.669318127821
6188,100.669318127821
6189,100.669318127821
6192,100.669318127821
6193,100.669318127821
6194,100.669318127821
6195,100.669318127821
6196,100.669318127821
6197,100.669318127821
6201,100.669318127821
6202,100.669318127821
6203,100.669318127821
6204,100.669318127821
6207,100.669318127821
6209,100.669318127821
6210,100.669318127821
6211,100.669318127821
6213,100.669318127821
6216,100.669318127821
6217,100.669318127821
6219,100.669318127821
6222,100.669318127821
6223,100.669318127821
6235,100.669318127821
6240,100.669318127821
6242,100.669318127821
6247,100.669318127821
6251,100.669318127821
6254,100.669318127821
6255,100.669318127821
6260,100.669318127821
6261,100.669318127821
6262,100.669318127821
6264,100.669318127821
6269,100.669318127821
6271,100.669318127821
6275,100.669318127821
6276,100.669318127821
6278,100.669318127821
6279,100.669318127821
6281,100.669318127821
6284,100.669318127821
6286,100.669318127821
6287,100.669318127821
6288,100.669318127821
6292,100.669318127821
6293,100.669318127821
6295,100.669318127821
6298,100.669318127821
6300,100.669318127821
6304,100.669318127821
6308,100.669318127821
6310,100.669318127821
6312,100.669318127821
6320,100.669318127821
6324,100.669318127821
6325,100.669318127821
6330,100.669318127821
6336,100.669318127821
6340,100.669318127821
6341,100.669318127821
6342,100.669318127821
6344,100.669318127821
6345,100.669318127821
6347,100.669318127821
6348,100.669318127821
6349,100.669318127821
6351,100.669318127821
6353,100.669318127821
6354,100.669318127821
6357,100.669318127821
6358,100.669318127821
6360,100.669318127821
6363,100.669318127821
6364,100.669318127821
6368,100.669318127821
6370,100.669318127821
6371,100.669318127821
6377,100.669318127821
6379,100.669318127821
6381,100.669318127821
6382,100.669318127821
6383,100.669318127821
6388,100.669318127821
6390,100.669318127821
6392,100.669318127821
6393,100.669318127821
6395,100.669318127821
6398,100.669318127821
6401,100.669318127821
6402,100.669318127821
6403,100.669318127821
6405,100.669318127821
6406,100.669318127821
6407,100.669318127821
6409,100.669318127821
6411,100.669318127821
6413,100.669318127821
6416,100.669318127821
6417,100.669318127821
6418,100.669318127821
6419,100.669318127821
6420,100.669318127821
6426,100.669318127821
6429,100.669318127821
6430,100.669318127821
6431,100.669318127821
6432,100.669318127821
6434,100.669318127821
6437,100.669318127821
6438,100.669318127821
6439,100.669318127821
6440,100.669318127821
6441,100.669318127821
6442,100.669318127821
6443,100.669318127821
6445,100.669318127821
6448,100.669318127821
6450,100.669318127821
6453,100.669318127821
6455,100.669318127821
6457,100.669318127821
6458,100.669318127821
6461,100.669318127821
6464,100.669318127821
6467,100.669318127821
6469,100.669318127821
6470,100.669318127821
6471,100.669318127821
6473,100.669318127821
6474,100.669318127821
6479,100.669318127821
6481,100.669318127821
6484,100.669318127821
6495,100.669318127821
6496,100.669318127821
6505,100.669318127821
6506,100.669318127821
6508,100.669318127821
6509,100.669318127821
6510,100.669318127821
6512,100.669318127821
6513,100.669318127821
6514,100.669318127821
6515,100.669318127821
6519,100.669318127821
6521,100.669318127821
6523,100.669318127821
6525,100.669318127821
6526,100.669318127821
6528,100.669318127821
6529,100.669318127821
6531,100.669318127821
6533,100.669318127821
6534,100.669318127821
6535,100.669318127821
6536,100.669318127821
6537,100.669318127821
6540,100.669318127821
6541,100.669318127821
6547,100.669318127821
6548,100.669318127821
6551,100.669318127821
6553,100.669318127821
6555,100.669318127821
6556,100.669318127821
6561,100.669318127821
6564,100.669318127821
6565,100.669318127821
6568,100.669318127821
6569,100.669318127821
6573,100.669318127821
6574,100.669318127821
6577,100.669318127821
6579,100.669318127821
6581,100.669318127821
6582,100.669318127821
6585,100.669318127821
6586,100.669318127821
6589,100.669318127821
6590,100.669318127821
6593,100.669318127821
6594,100.669318127821
6595,100.669318127821
6599,100.669318127821
6600,100.669318127821
6601,100.669318127821
6602,100.669318127821
6603,100.669318127821
6604,100.669318127821
6607,100.669318127821
6608,100.669318127821
6609,100.669318127821
6611,100.669318127821
6613,100.669318127821
6614,100.669318127821
6616,100.669318127821
6617,100.669318127821
6618,100.669318127821
6619,100.669318127821
6621,100.669318127821
6627,100.669318127821
6629,100.669318127821
6631,100.669318127821
6634,100.669318127821
6636,100.669318127821
6638,100.669318127821
6639,100.669318127821
6641,100.669318127821
6642,100.669318127821
6651,100.669318127821
6654,100.669318127821
6657,100.669318127821
6663,100.669318127821
6665,100.669318127821
6666,100.669318127821
6668,100.669318127821
6669,100.669318127821
6670,100.669318127821
6671,100.669318127821
6673,100.669318127821
6675,100.669318127821
6676,100.669318127821
6677,100.669318127821
6679,100.669318127821
6680,100.669318127821
6681,100.669318127821
6685,100.669318127821
6688,100.669318127821
6689,100.669318127821
6690,100.669318127821
6692,100.669318127821
6693,100.669318127821
6694,100.669318127821
6698,100.669318127821
6699,100.669318127821
6700,100.669318127821
6701,100.669318127821
6702,100.669318127821
6704,100.669318127821
6707,100.669318127821
6712,100.669318127821
6713,100.669318127821
6715,100.669318127821
6721,100.669318127821
6722,100.669318127821
6723,100.669318127821
6724,100.669318127821
6725,100.669318127821
6731,100.669318127821
6735,100.669318127821
6736,100.669318127821
6737,100.669318127821
6738,100.669318127821
6739,100.669318127821
6741,100.669318127821
6743,100.669318127821
6745,100.669318127821
6747,100.669318127821
6749,100.669318127821
6750,100.669318127821
6751,100.669318127821
6752,100.669318127821
6753,100.669318127821
6755,100.669318127821
6756,100.669318127821
6757,100.669318127821
6759,100.669318127821
6761,100.669318127821
6763,100.669318127821
6764,100.669318127821
6765,100.669318127821
6766,100.669318127821
6768,100.669318127821
6771,100.669318127821
6773,100.669318127821
6774,100.669318127821
6778,100.669318127821
6779,100.669318127821
6781,100.669318127821
6784,100.669318127821
6786,100.669318127821
6787,100.669318127821
6790,100.669318127821
6793,100.669318127821
6795,100.669318127821
6798,100.669318127821
6806,100.669318127821
6807,100.669318127821
6810,100.669318127821
6815,100.669318127821
6816,100.669318127821
6817,100.669318127821
6818,100.669318127821
6819,100.669318127821
6820,100.669318127821
6822,100.669318127821
6823,100.669318127821
6824,100.669318127821
6825,100.669318127821
6828,100.669318127821
6829,100.669318127821
6831,100.669318127821
6832,100.669318127821
6833,100.669318127821
6834,100.669318127821
6836,100.669318127821
6837,100.669318127821
6838,100.669318127821
6840,100.669318127821
6843,100.669318127821
6845,100.669318127821
6846,100.669318127821
6847,100.669318127821
6851,100.669318127821
6852,100.669318127821
6853,100.669318127821
6858,100.669318127821
6861,100.669318127821
6863,100.669318127821
6864,100.669318127821
6865,100.669318127821
6866,100.669318127821
6867,100.669318127821
6868,100.669318127821
6869,100.669318127821
6870,100.669318127821
6874,100.669318127821
6875,100.669318127821
6877,100.669318127821
6878,100.669318127821
6880,100.669318127821
6883,100.669318127821
6884,100.669318127821
6886,100.669318127821
6890,100.669318127821
6893,100.669318127821
6894,100.669318127821
6899,100.669318127821
6900,100.669318127821
6904,100.669318127821
6905,100.669318127821
6906,100.669318127821
6910,100.669318127821
6912,100.669318127821
6913,100.669318127821
6920,100.669318127821
6922,100.669318127821
6923,100.669318127821
6926,100.669318127821
6927,100.669318127821
6928,100.669318127821
6931,100.669318127821
6933,100.669318127821
6936,100.669318127821
6937,100.669318127821
6939,100.669318127821
6941,100.669318127821
6942,100.669318127821
6943,100.669318127821
6944,100.669318127821
6945,100.669318127821
6946,100.669318127821
6947,100.669318127821
6949,100.669318127821
6951,100.669318127821
6953,100.669318127821
6954,100.669318127821
6955,100.669318127821
6963,100.669318127821
6964,100.669318127821
6966,100.669318127821
6968,100.669318127821
6970,100.669318127821
6972,100.669318127821
6976,100.669318127821
6978,100.669318127821
6981,100.669318127821
6985,100.669318127821
6986,100.669318127821
6987,100.669318127821
6989,100.669318127821
6991,100.669318127821
6993,100.669318127821
6994,100.669318127821
6995,100.669318127821
6996,100.669318127821
6997,100.669318127821
6998,100.669318127821
7001,100.669318127821
7003,100.669318127821
7006,100.669318127821
7008,100.669318127821
7010,100.669318127821
7011,100.669318127821
7012,100.669318127821
7013,100.669318127821
7014,100.669318127821
7017,100.669318127821
7018,100.669318127821
7019,100.669318127821
7023,100.669318127821
7024,100.669318127821
7025,100.669318127821
7026,100.669318127821
7027,100.669318127821
7028,100.669318127821
7030,100.669318127821
7031,100.669318127821
7033,100.669318127821
7036,100.669318127821
7037,100.669318127821
7039,100.669318127821
7044,100.669318127821
7045,100.669318127821
7046,100.669318127821
7049,100.669318127821
7050,100.669318127821
7051,100.669318127821
7054,100.669318127821
7055,100.669318127821
7057,100.669318127821
7060,100.669318127821
7061,100.669318127821
7063,100.669318127821
7064,100.669318127821
7067,100.669318127821
7071,100.669318127821
7074,100.669318127821
7075,100.669318127821
7078,100.669318127821
7079,100.669318127821
7080,100.669318127821
7081,100.669318127821
7082,100.669318127821
7083,100.669318127821
7085,100.669318127821
7092,100.669318127821
7094,100.669318127821
7100,100.669318127821
7101,100.669318127821
7102,100.669318127821
7104,100.669318127821
7105,100.669318127821
7106,100.669318127821
7107,100.669318127821
7108,100.669318127821
7109,100.669318127821
7110,100.669318127821
7112,100.669318127821
7113,100.669318127821
7114,100.669318127821
7116,100.669318127821
7117,100.669318127821
7118,100.669318127821
7120,100.669318127821
7121,100.669318127821
7123,100.669318127821
7124,100.669318127821
7127,100.669318127821
7131,100.669318127821
7132,100.669318127821
7133,100.669318127821
7134,100.669318127821
7135,100.669318127821
7136,100.669318127821
7137,100.669318127821
7141,100.669318127821
7144,100.669318127821
7147,100.669318127821
7148,100.669318127821
7150,100.669318127821
7151,100.669318127821
7152,100.669318127821
7154,100.669318127821
7156,100.669318127821
7157,100.669318127821
7159,100.669318127821
7161,100.669318127821
7163,100.669318127821
7164,100.669318127821
7167,100.669318127821
7169,100.669318127821
7170,100.669318127821
7173,100.669318127821
7174,100.669318127821
7177,100.669318127821
7178,100.669318127821
7179,100.669318127821
7180,100.669318127821
7181,100.669318127821
7182,100.669318127821
7184,100.669318127821
7185,100.669318127821
7186,100.669318127821
7187,100.669318127821
7188,100.669318127821
7189,100.669318127821
7191,100.669318127821
7193,100.669318127821
7197,100.669318127821
7199,100.669318127821
7200,100.669318127821
7201,100.669318127821
7204,100.669318127821
7207,100.669318127821
7209,100.669318127821
7210,100.669318127821
7211,100.669318127821
7213,100.669318127821
7214,100.669318127821
7216,100.669318127821
7217,100.669318127821
7220,100.669318127821
7224,100.669318127821
7225,100.669318127821
7226,100.669318127821
7227,100.669318127821
7234,100.669318127821
7236,100.669318127821
7239,100.669318127821
7240,100.669318127821
7242,100.669318127821
7244,100.669318127821
7245,100.669318127821
7247,100.669318127821
7248,100.669318127821
7249,100.669318127821
7250,100.669318127821
7251,100.669318127821
7252,100.669318127821
7253,100.669318127821
7256,100.669318127821
7260,100.669318127821
7261,100.669318127821
7264,100.669318127821
7269,100.669318127821
7270,100.669318127821
7273,100.669318127821
7279,100.669318127821
7281,100.669318127821
7284,100.669318127821
7285,100.669318127821
7286,100.669318127821
7287,100.669318127821
7289,100.669318127821
7292,100.669318127821
7293,100.669318127821
7296,100.669318127821
7297,100.669318127821
7298,100.669318127821
7299,100.669318127821
7301,100.669318127821
7304,100.669318127821
7306,100.669318127821
7308,100.669318127821
7309,100.669318127821
7312,100.669318127821
7313,100.669318127821
7314,100.669318127821
7316,100.669318127821
7319,100.669318127821
7321,100.669318127821
7323,100.669318127821
7324,100.669318127821
7325,100.669318127821
7328,100.669318127821
7330,100.669318127821
7334,100.669318127821
7337,100.669318127821
7338,100.669318127821
7339,100.669318127821
7341,100.669318127821
7342,100.669318127821
7344,100.669318127821
7345,100.669318127821
7347,100.669318127821
7349,100.669318127821
7350,100.669318127821
7353,100.669318127821
7355,100.669318127821
7356,100.669318127821
7357,100.669318127821
7358,100.669318127821
7360,100.669318127821
7363,100.669318127821
7364,100.669318127821
7366,100.669318127821
7368,100.669318127821
7369,100.669318127821
7370,100.669318127821
7373,100.669318127821
7374,100.669318127821
7375,100.669318127821
7377,100.669318127821
7379,100.669318127821
7380,100.669318127821
7382,100.669318127821
7383,100.669318127821
7385,100.669318127821
7386,100.669318127821
7391,100.669318127821
7394,100.669318127821
7396,100.669318127821
7397,100.669318127821
7399,100.669318127821
7400,100.669318127821
7403,100.669318127821
7405,100.669318127821
7408,100.669318127821
7414,100.669318127821
7416,100.669318127821
7417,100.669318127821
7419,100.669318127821
7420,100.669318127821
7421,100.669318127821
7422,100.669318127821
7423,100.669318127821
7425,100.669318127821
7430,100.669318127821
7432,100.669318127821
7433,100.669318127821
7434,100.669318127821
7436,100.669318127821
7437,100.669318127821
7438,100.669318127821
7440,100.669318127821
7441,100.669318127821
7442,100.669318127821
7445,100.669318127821
7446,100.669318127821
7448,100.669318127821
7450,100.669318127821
7451,100.669318127821
7454,100.669318127821
7455,100.669318127821
7457,100.669318127821
7459,100.669318127821
7462,100.669318127821
7464,100.669318127821
7465,100.669318127821
7466,100.669318127821
7467,100.669318127821
7469,100.669318127821
7472,100.669318127821
7473,100.669318127821
7479,100.669318127821
7480,100.669318127821
7484,100.669318127821
7491,100.669318127821
7494,100.669318127821
7495,100.669318127821
7501,100.669318127821
7503,100.669318127821
7504,100.669318127821
7505,100.669318127821
7508,100.669318127821
7509,100.669318127821
7510,100.669318127821
7511,100.669318127821
7515,100.669318127821
7516,100.669318127821
7517,100.669318127821
7518,100.669318127821
7519,100.669318127821
7521,100.669318127821
7522,100.669318127821
7524,100.669318127821
7526,100.669318127821
7527,100.669318127821
7528,100.669318127821
7529,100.669318127821
7534,100.669318127821
7537,100.669318127821
7538,100.669318127821
7540,100.669318127821
7541,100.669318127821
7545,100.669318127821
7551,100.669318127821
7553,100.669318127821
7554,100.669318127821
7555,100.669318127821
7561,100.669318127821
7562,100.669318127821
7564,100.669318127821
7565,100.669318127821
7566,100.669318127821
7567,100.669318127821
7569,100.669318127821
7570,100.669318127821
7571,100.669318127821
7572,100.669318127821
7574,100.669318127821
7578,100.669318127821
7579,100.669318127821
7586,100.669318127821
7587,100.669318127821
7590,100.669318127821
7593,100.669318127821
7594,100.669318127821
7595,100.669318127821
7600,100.669318127821
7601,100.669318127821
7602,100.669318127821
7603,100.669318127821
7604,100.669318127821
7606,100.669318127821
7608,100.669318127821
7613,100.669318127821
7615,100.669318127821
7616,100.669318127821
7617,100.669318127821
7618,100.669318127821
7619,100.669318127821
7622,100.669318127821
7623,100.669318127821
7624,100.669318127821
7625,100.669318127821
7626,100.669318127821
7627,100.669318127821
7628,100.669318127821
7631,100.669318127821
7632,100.669318127821
7633,100.669318127821
7634,100.669318127821
7635,100.669318127821
7636,100.669318127821
7637,100.669318127821
7639,100.669318127821
7640,100.669318127821
7644,100.669318127821
7645,100.669318127821
7648,100.669318127821
7649,100.669318127821
7650,100.669318127821
7652,100.669318127821
7653,100.669318127821
7655,100.669318127821
7659,100.669318127821
7662,100.669318127821
7664,100.669318127821
7666,100.669318127821
7668,100.669318127821
7669,100.669318127821
7670,100.669318127821
7672,100.669318127821
7673,100.669318127821
7678,100.669318127821
7679,100.669318127821
7680,100.669318127821
7683,100.669318127821
7685,100.669318127821
7688,100.669318127821
7690,100.669318127821
7692,100.669318127821
7693,100.669318127821
7695,100.669318127821
7696,100.669318127821
7698,100.669318127821
7699,100.669318127821
7702,100.669318127821
7703,100.669318127821
7704,100.669318127821
7707,100.669318127821
7713,100.669318127821
7715,100.669318127821
7717,100.669318127821
7718,100.669318127821
7719,100.669318127821
7721,100.669318127821
7722,100.669318127821
7725,100.669318127821
7727,100.669318127821
7730,100.669318127821
7733,100.669318127821
7735,100.669318127821
7740,100.669318127821
7741,100.669318127821
7742,100.669318127821
7744,100.669318127821
7747,100.669318127821
7750,100.669318127821
7752,100.669318127821
7754,100.669318127821
7756,100.669318127821
7757,100.669318127821
7758,100.669318127821
7760,100.669318127821
7761,100.669318127821
7763,100.669318127821
7765,100.669318127821
7767,100.669318127821
7768,100.669318127821
7771,100.669318127821
7773,100.669318127821
7774,100.669318127821
7776,100.669318127821
7779,100.669318127821
7783,100.669318127821
7786,100.669318127821
7787,100.669318127821
7789,100.669318127821
7791,100.669318127821
7793,100.669318127821
7794,100.669318127821
7795,100.669318127821
7799,100.669318127821
7800,100.669318127821
7802,100.669318127821
7805,100.669318127821
7807,100.669318127821
7808,100.669318127821
7811,100.669318127821
7817,100.669318127821
7818,100.669318127821
7819,100.669318127821
7822,100.669318127821
7823,100.669318127821
7825,100.669318127821
7828,100.669318127821
7832,100.669318127821
7833,100.669318127821
7834,100.669318127821
7835,100.669318127821
7837,100.669318127821
7840,100.669318127821
7842,100.669318127821
7843,100.669318127821
7844,100.669318127821
7846,100.669318127821
7850,100.669318127821
7853,100.669318127821
7855,100.669318127821
7858,100.669318127821
7863,100.669318127821
7865,100.669318127821
7866,100.669318127821
7868,100.669318127821
7869,100.669318127821
7871,100.669318127821
7872,100.669318127821
7874,100.669318127821
7877,100.669318127821
7878,100.669318127821
7879,100.669318127821
7881,100.669318127821
7883,100.669318127821
7885,100.669318127821
7886,100.669318127821
7889,100.669318127821
7890,100.669318127821
7891,100.669318127821
7893,100.669318127821
7894,100.669318127821
7896,100.669318127821
7898,100.669318127821
7901,100.669318127821
7902,100.669318127821
7904,100.669318127821
7905,100.669318127821
7906,100.669318127821
7909,100.669318127821
7910,100.669318127821
7913,100.669318127821
7918,100.669318127821
7919,100.669318127821
7923,100.669318127821
7925,100.669318127821
7927,100.669318127821
7930,100.669318127821
7932,100.669318127821
7933,100.669318127821
7935,100.669318127821
7939,100.669318127821
7942,100.669318127821
7943,100.669318127821
7945,100.669318127821
7946,100.669318127821
7948,100.669318127821
7949,100.669318127821
7950,100.669318127821
7951,100.669318127821
7955,100.669318127821
7959,100.669318127821
7960,100.669318127821
7961,100.669318127821
7962,100.669318127821
7964,100.669318127821
7965,100.669318127821
7966,100.669318127821
7967,100.669318127821
7968,100.669318127821
7971,100.669318127821
7974,100.669318127821
7976,100.669318127821
7978,100.669318127821
7982,100.669318127821
7983,100.669318127821
7984,100.669318127821
7986,100.669318127821
7989,100.669318127821
7991,100.669318127821
7992,100.669318127821
7993,100.669318127821
7994,100.669318127821
7995,100.669318127821
7997,100.669318127821
7998,100.669318127821
7999,100.669318127821
8002,100.669318127821
8007,100.669318127821
8009,100.669318127821
8011,100.669318127821
8013,100.669318127821
8015,100.669318127821
8017,100.669318127821
8019,100.669318127821
8023,100.669318127821
8024,100.669318127821
8026,100.669318127821
8027,100.669318127821
8029,100.669318127821
8030,100.669318127821
8031,100.669318127821
8033,100.669318127821
8035,100.669318127821
8036,100.669318127821
8039,100.669318127821
8042,100.669318127821
8044,100.669318127821
8046,100.669318127821
8048,100.669318127821
8049,100.669318127821
8050,100.669318127821
8053,100.669318127821
8054,100.669318127821
8059,100.669318127821
8061,100.669318127821
8062,100.669318127821
8064,100.669318127821
8066,100.669318127821
8067,100.669318127821
8068,100.669318127821
8070,100.669318127821
8071,100.669318127821
8072,100.669318127821
8076,100.669318127821
8080,100.669318127821
8081,100.669318127821
8084,100.669318127821
8087,100.669318127821
8089,100.669318127821
8090,100.669318127821
8091,100.669318127821
8094,100.669318127821
8100,100.669318127821
8101,100.669318127821
8110,100.669318127821
8111,100.669318127821
8112,100.669318127821
8115,100.669318127821
8116,100.669318127821
8118,100.669318127821
8121,100.669318127821
8125,100.669318127821
8127,100.669318127821
8128,100.669318127821
8129,100.669318127821
8131,100.669318127821
8138,100.669318127821
8139,100.669318127821
8140,100.669318127821
8141,100.669318127821
8142,100.669318127821
8143,100.669318127821
8145,100.669318127821
8146,100.669318127821
8148,100.669318127821
8153,100.669318127821
8154,100.669318127821
8155,100.669318127821
8161,100.669318127821
8162,100.669318127821
8163,100.669318127821
8166,100.669318127821
8168,100.669318127821
8170,100.669318127821
8172,100.669318127821
8173,100.669318127821
8176,100.669318127821
8179,100.669318127821
8181,100.669318127821
8182,100.669318127821
8184,100.669318127821
8190,100.669318127821
8191,100.669318127821
8194,100.669318127821
8196,100.669318127821
8198,100.669318127821
8199,100.669318127821
8201,100.669318127821
8202,100.669318127821
8207,100.669318127821
8208,100.669318127821
8211,100.669318127821
8214,100.669318127821
8217,100.669318127821
8218,100.669318127821
8222,100.669318127821
8229,100.669318127821
8231,100.669318127821
8233,100.669318127821
8236,100.669318127821
8238,100.669318127821
8240,100.669318127821
8243,100.669318127821
8246,100.669318127821
8250,100.669318127821
8254,100.669318127821
8256,100.669318127821
8257,100.669318127821
8258,100.669318127821
8260,100.669318127821
8261,100.669318127821
8263,100.669318127821
8264,100.669318127821
8267,100.669318127821
8268,100.669318127821
8271,100.669318127821
8272,100.669318127821
8275,100.669318127821
8276,100.669318127821
8277,100.669318127821
8278,100.669318127821
8279,100.669318127821
8280,100.669318127821
8281,100.669318127821
8282,100.669318127821
8287,100.669318127821
8288,100.669318127821
8289,100.669318127821
8294,100.669318127821
8296,100.669318127821
8299,100.669318127821
8302,100.669318127821
8308,100.669318127821
8314,100.669318127821
8315,100.669318127821
8316,100.669318127821
8317,100.669318127821
8319,100.669318127821
8320,100.669318127821
8321,100.669318127821
8323,100.669318127821
8325,100.669318127821
8326,100.669318127821
8328,100.669318127821
8330,100.669318127821
8331,100.669318127821
8332,100.669318127821
8334,100.669318127821
8338,100.669318127821
8339,100.669318127821
8341,100.669318127821
8345,100.669318127821
8346,100.669318127821
8347,100.669318127821
8349,100.669318127821
8351,100.669318127821
8352,100.669318127821
8353,100.669318127821
8355,100.669318127821
8358,100.669318127821
8359,100.669318127821
8360,100.669318127821
8361,100.669318127821
8363,100.669318127821
8364,100.669318127821
8365,100.669318127821
8366,100.669318127821
8370,100.669318127821
8372,100.669318127821
8376,100.669318127821
8377,100.669318127821
8379,100.669318127821
8380,100.669318127821
8381,100.669318127821
8386,100.669318127821
8388,100.669318127821
8389,100.669318127821
8391,100.669318127821
8394,100.669318127821
8396,100.669318127821
8398,100.669318127821
8400,100.669318127821
8401,100.669318127821
8404,100.669318127821
8407,100.669318127821
8408,100.669318127821
8409,100.669318127821
8410,100.669318127821
8411,100.669318127821
8413,100.669318127821
8414,100.669318127821
8416,100.669318127821
